55946267,-3189152,1,-99
55946267,-3189152,11,-95
55946267,-3189152,11,-99
55946267,-3189152,11,-94
55945545,-3189935,48,-93
55945422,-3191072,11,-91
55945422,-3191072,1,-87
55945422,-3191072,6,-92
55945422,-3191072,8,-82
55945422,-3191072,1,-89
55946004,-3191306,11,-97
55946004,-3191306,11,-97
55946004,-3191306,11,-90
55946208,-3191179,11,-87
55948388,-3192177,140,-86
55948388,-3192177,6,-92
55948388,-3192177,6,-93
55948639,-3192310,11,-96
55948875,-3192459,10,-92
55948875,-3192459,1,-95
55948875,-3192459,1,-89
55948875,-3192459,6,-94
55948875,-3192459,11,-94
55948875,-3192459,11,-100
55948875,-3192459,6,-97
55949019,-3192594,8,-94
55949019,-3192594,11,-97
55949019,-3192594,6,-97
55949019,-3192594,6,-95
55949019,-3192594,1,-94
55949191,-3192658,6,-96
55949191,-3192658,6,-98
55949191,-3192658,11,-78
55949353,-3192828,10,-96
55949590,-3192907,6,-104
55951941,-3191652,1,-84
55951941,-3191652,6,-95
55951806,-3191973,1,-95
55951806,-3191973,1,-94
55952029,-3191969,6,-78
55952079,-3191995,1,-95
55952079,-3191995,1,-95
55952224,-3192056,1,-82
55952593,-3193097,1,-97
55952593,-3193097,1,-87
55952596,-3193434,1,-99
55952782,-3193591,1,-92
55952829,-3193655,1,-96
55952829,-3193655,6,-90
55952862,-3193710,9,-98
55952862,-3193710,6,-92
55952900,-3193768,6,-95
55953093,-3193900,36,-92
55953760,-3194287,6,-93
55953918,-3194427,1,-94
55953957,-3194468,11,-92
55953957,-3194468,8,-94
55953895,-3194603,36,-88
55953862,-3194673,1,-96
55953802,-3194889,3,-101
55953802,-3194889,5,-96
55953754,-3195048,1,-101
55953696,-3195200,11,-93
55953696,-3195200,8,-94
55953693,-3195120,13,-94
55953655,-3195165,10,-93
55953650,-3195248,6,-91
55953634,-3195441,1,-100
55953616,-3195586,5,-94
55953511,-3196216,1,-94
55953511,-3196216,6,-100
55953441,-3196619,11,-99
55953441,-3196619,11,-92
55953411,-3196780,1,-94
55953283,-3197882,6,-87
55953196,-3198430,1,-98
55953002,-3199543,2,-90
55952968,-3199860,11,-95
55952937,-3200077,1,-93
55952803,-3201380,1,-96
55952803,-3201380,11,-93
55952660,-3202105,1,-92
55952525,-3202740,1,-92
55952525,-3202740,1,-95
55952413,-3203386,1,-90
55952413,-3203386,3,-97
55952413,-3203386,3,-98
55952341,-3203805,5,-96
55952341,-3203805,6,-89
55952228,-3204487,10,-90
55952228,-3204487,4,-91
55952102,-3205178,11,-94
55952102,-3205178,132,-86
55952042,-3205533,11,-98
55952042,-3205533,6,-87
55952042,-3205533,1,-99
55952042,-3205533,3,-90
55952021,-3205606,11,-92
55952001,-3205681,11,-95
55952001,-3205681,6,-108
55951957,-3205778,1,-91
55951921,-3205891,1,-93
55951921,-3205891,1,-99
55951887,-3206323,1,-95
55951723,-3206536,11,-98
55951580,-3205851,1,-98
55951580,-3205851,11,-95
55951163,-3206884,11,-91
55951163,-3206884,1,-95
55951163,-3206884,1,-92
55951163,-3206884,11,-91
55951116,-3207169,1,-93
55950741,-3208162,1,-93
55950741,-3208162,6,-95
55950741,-3208162,6,-94
55950592,-3208059,3,-95
55950397,-3207923,11,-96
55950397,-3207923,1,-78
55950242,-3208078,6,-94
55950184,-3208597,11,-96
55950184,-3208597,6,-91
55950376,-3209147,11,-96
55950376,-3209147,1,-94
55950376,-3209147,6,-96
55950376,-3209147,6,-95
55950484,-3209422,11,-87
55950484,-3209422,11,-86
55950484,-3209422,11,-76
55950666,-3209826,6,-89
55950825,-3210156,6,-96
55950825,-3210156,6,-98
55950825,-3210156,6,-94
55950904,-3210281,3,-97
55951005,-3210503,11,-91
55951100,-3210754,2,-89
55951290,-3211269,11,-93
55951290,-3211269,11,-91
55951492,-3211861,1,-100
55951544,-3212045,1,-98
55951850,-3212856,7,-89
55952070,-3213593,11,-102
55953468,-3214788,11,-95
55955164,-3218763,11,-96
55955164,-3218763,11,-97
55955049,-3220778,1,-101
55955019,-3221358,11,-100
55954860,-3224496,6,-95
55954824,-3225085,11,-95
55954824,-3225085,6,-96
55954824,-3225085,6,-95
55954770,-3226173,7,-91
55954770,-3226173,7,-91
55954730,-3227052,11,-94
55954730,-3227052,11,-91
55954686,-3227886,11,-101
55954686,-3227886,11,-101
55954656,-3228536,6,-91
55954656,-3228536,11,-94
55954629,-3228980,11,-93
55954629,-3228980,11,-95
55954608,-3229868,1,-86
55954608,-3229868,1,-90
55954480,-3230742,10,-94
55954480,-3230742,10,-95
55954552,-3231228,1,-94
55954552,-3231228,1,-96
55954560,-3231952,6,-97
55954560,-3231952,6,-97
55954564,-3232887,1,-90
55954564,-3232887,1,-98
55954571,-3234836,1,-95
55954772,-3236852,11,-96
55955634,-3240839,6,-89
55955634,-3240839,11,-99
55955816,-3241525,1,-92
55955816,-3241525,11,-94
55955816,-3241525,1,-93
55955902,-3241900,11,-96
55956178,-3243104,1,-94
55956178,-3243104,11,-97
55956242,-3243368,6,-96
55956242,-3243368,1,-98
55956242,-3243368,1,-100
55956242,-3243368,6,-94
55956224,-3243387,1,-90
55956269,-3243396,6,-96
55956269,-3243396,1,-95
55956269,-3243396,11,-95
55956462,-3244445,6,-96
55954766,-3244534,6,-97
55954766,-3244534,6,-97
55954539,-3243986,11,-95
55954539,-3243986,11,-96
55953802,-3243379,6,-73
55953802,-3243379,6,-74
55952069,-3244674,1,-97
55951679,-3244211,1,-94
55951679,-3244211,1,-98
55951324,-3243672,11,-94
55951324,-3243672,1,-95
55951096,-3243256,6,-99
55951096,-3243256,6,-98
55950887,-3243117,11,-98
55950887,-3243117,11,-105
55950550,-3245199,11,-99
55950550,-3245199,11,-96
55950453,-3247620,1,-89
55950453,-3247620,1,-87
55949661,-3249987,1,-99
55949661,-3249987,1,-97
55948469,-3248170,1,-93
55948469,-3248170,1,-92
55948271,-3247865,6,-97
55948271,-3247865,10,-99
55948271,-3247865,6,-96
55948170,-3247729,6,-102
55948170,-3247729,1,-100
55948001,-3247600,7,-98
55948001,-3247600,7,-96
55947711,-3247140,1,-86
55947711,-3247140,1,-87
55947434,-3246668,7,-95
55947434,-3246668,7,-92
55947261,-3246412,1,-95
55947261,-3246412,1,-95
55947143,-3246234,1,-97
55947143,-3246234,1,-94
55946682,-3247457,13,-90
55946682,-3247457,13,-86
55946614,-3247873,11,-91
55946614,-3247873,11,-94
55946463,-3248659,6,-97
55946463,-3248659,6,-93
55946409,-3248962,6,-82
55946409,-3248962,6,-84
55946337,-3249334,11,-92
55946337,-3249334,11,-98
55946174,-3250018,11,-96
55940294,-3251403,11,-89
55939800,-3251335,11,-99
55939800,-3251335,11,-99
55939123,-3251299,1,-97
55939123,-3251299,1,-95
55938854,-3251187,1,-93
55934390,-3246065,11,-83
55935330,-3246481,6,-92
55935387,-3246241,6,-94
55935717,-3245882,11,-97
55935818,-3245739,11,-99
55936947,-3243645,11,-88
55936947,-3243645,1,-95
55937283,-3243230,7,-93
55937372,-3243043,7,-92
55937524,-3240888,11,-92
55937524,-3240888,11,-101
55937087,-3240092,1,-90
55937087,-3240092,1,-93
55937058,-3240015,1,-99
55937058,-3240015,1,-95
55936979,-3239851,11,-97
55936979,-3239851,11,-95
55936963,-3236281,11,-98
55937045,-3235926,11,-86
55937121,-3235646,1,-85
55937162,-3235365,1,-97
55937162,-3235365,1,-95
55937162,-3235365,1,-93
55937314,-3234559,11,-80
55937314,-3234559,11,-83
55937393,-3234265,1,-89
55937393,-3234265,5,-103
55937412,-3234187,11,-102
55937412,-3234187,7,-87
55937412,-3234187,11,-109
55937412,-3234187,6,-97
55937822,-3232563,1,-97
55937822,-3232563,8,-106
55938088,-3231414,6,-94
55938088,-3231414,4,-84
55938088,-3231414,6,-90
55938240,-3230930,6,-97
55938268,-3230849,6,-92
55938268,-3230849,6,-95
55938390,-3230475,1,-84
55938617,-3229565,7,-93
55938617,-3229565,7,-96
55938924,-3227976,11,-96
55939152,-3225606,11,-96
55939152,-3225606,6,-98
55939132,-3225371,11,-88
55939082,-3223871,11,-95
55939974,-3219727,11,-90
55940214,-3218821,36,-91
55940214,-3218821,1,-87
55940353,-3218292,6,-97
55940353,-3218292,11,-94
55940570,-3217618,11,-96
55940570,-3217618,5,-95
55940570,-3217618,1,-95
55940570,-3217618,1,-93
55940570,-3217618,1,-99
55940667,-3217335,1,-85
55941025,-3216449,6,-93
55941765,-3214586,6,-98
55942005,-3214016,11,-99
55942211,-3213420,11,-92
55942380,-3212804,6,-97
55942682,-3211620,1,-95
55942917,-3210684,6,-98
55943101,-3209793,1,-94
55943249,-3209090,11,-98
55943249,-3209090,11,-92
55943296,-3208750,8,-91
55943321,-3208490,1,-99
55943321,-3208490,3,-90
55943416,-3208148,6,-82
55943467,-3207985,1,-93
55943467,-3207985,1,-91
55943684,-3207291,6,-96
55943684,-3207291,6,-95
55944580,-3206114,6,-93
55944580,-3206114,6,-93
55944822,-3206369,1,-93
55945006,-3206572,44,-90
55945409,-3206896,1,-94
55945752,-3206995,11,-91
55945752,-3206995,11,-92
55945805,-3206701,11,-98
55945805,-3206701,11,-96
55945861,-3206139,1,-95
55945864,-3206022,11,-97
55945890,-3205851,10,-93
55945983,-3206375,11,-89
55947084,-3205936,6,-95
55947084,-3205936,1,-76
55947084,-3205936,6,-100
55947084,-3205936,8,-93
55947419,-3206103,4,-91
55947419,-3206103,11,-88
55947567,-3206170,1,-96
55947567,-3206170,6,-93
55947662,-3206225,6,-98
55947662,-3206225,11,-99
55947662,-3206225,11,-99
55947838,-3206284,1,-87
55947838,-3206284,9,-99
55947838,-3206284,1,-93
55948378,-3206471,7,-88
55948378,-3206471,11,-93
55948643,-3206578,5,-97
55948939,-3206735,1,-86
55949177,-3206842,6,-93
55949226,-3206935,11,-97
55949226,-3206935,1,-94
55949313,-3206706,11,-92
55948703,-3206471,2,-99
55948349,-3206388,6,-91
55948010,-3206318,5,-90
55948010,-3206318,1,-97
55947704,-3206217,5,-93
55947704,-3206217,36,-84
55947351,-3206071,1,-81
55947351,-3206071,108,-86
55946032,-3205560,10,-90
55946032,-3205560,6,-94
55945203,-3205258,7,-96
55945203,-3205258,1,-95
55945205,-3205311,6,-91
55945205,-3205311,6,-84
55945205,-3205311,6,-88
55944720,-3205189,1,-93
55944720,-3205189,1,-95
55943992,-3206732,6,-96
55943262,-3208529,124,-87
55943075,-3209739,6,-96
55942975,-3210130,11,-97
55942878,-3210656,6,-97
55942844,-3210842,11,-103
55942748,-3211193,6,-100
55942625,-3211650,11,-98
55942494,-3212167,11,-95
55939876,-3219725,11,-89
55939640,-3222590,5,-94
55939145,-3223254,1,-92
55938906,-3223563,11,-95
55938705,-3223828,1,-83
55938705,-3223828,1,-95
55938666,-3223873,6,-93
55938666,-3223873,4,-95
55938666,-3223873,6,-95
55937380,-3226013,11,-86
55937380,-3226013,1,-94
55937380,-3226013,11,-88
55935425,-3230538,11,-94
55935425,-3230538,11,-91
55934336,-3232862,1,-96
55933756,-3234124,11,-87
55933756,-3234124,11,-98
55933756,-3234124,11,-85
55933756,-3234124,11,-87
55933590,-3234456,11,-96
55933590,-3234456,11,-96
55933549,-3234536,7,-82
55933549,-3234536,1,-101
55933549,-3234536,7,-88
55933549,-3234536,1,-98
55933518,-3234611,11,-95
55933469,-3234728,11,-79
55933469,-3234728,11,-85
55933264,-3235152,1,-94
55933264,-3235152,124,-88
55933059,-3235513,5,-75
55932846,-3235866,11,-89
55932846,-3235866,11,-99
55932333,-3236606,6,-86
55932333,-3236606,6,-85
55930949,-3238175,1,-94
55930949,-3238175,1,-94
55930808,-3238344,11,-88
55930808,-3238344,11,-84
55930727,-3238479,6,-96
55930472,-3238812,6,-93
55930472,-3238812,6,-92
55929902,-3239560,10,-93
55929902,-3239560,10,-95
55929621,-3239893,11,-96
55929621,-3239893,6,-95
55928936,-3240642,11,-94
55928655,-3240942,11,-99
55928655,-3240942,11,-97
55927385,-3242607,1,-88
55927040,-3243841,1,-83
55927040,-3243841,11,-90
55927040,-3243841,1,-86
55927129,-3245753,1,-104
55927382,-3247296,1,-95
55927420,-3247344,6,-87
55927593,-3247608,1,-95
55927914,-3247576,6,-98
55928553,-3247362,3,-95
55928785,-3247928,3,-89
55928989,-3248679,1,-97
55928989,-3248679,1,-98
55929247,-3249525,11,-94
55929247,-3249525,11,-89
55930842,-3253574,6,-91
55930673,-3254070,11,-102
55930673,-3254070,11,-96
55929791,-3257050,6,-91
55929791,-3257050,6,-91
55931459,-3251653,11,-92
55931764,-3250755,1,-93
55931764,-3250755,11,-96
55931764,-3250755,11,-96
55931764,-3250755,1,-93
55932430,-3248481,6,-91
55932430,-3248481,6,-90
55932639,-3247678,1,-86
55932639,-3247678,11,-96
55932639,-3247678,11,-95
55932639,-3247678,1,-88
55933033,-3246457,1,-94
55934457,-3243950,11,-92
55935688,-3242010,11,-93
55935688,-3242010,11,-94
55936189,-3241044,1,-96
55936360,-3240591,1,-98
55936360,-3240591,1,-93
55936432,-3240328,11,-93
55937443,-3234183,1,-99
55937518,-3233945,1,-84
55937885,-3232089,7,-93
55937885,-3232089,7,-94
55939166,-3226736,7,-92
55939166,-3226736,7,-93
55939818,-3225466,6,-91
55939818,-3225466,6,-93
55940442,-3224556,4,-91
55940766,-3224117,11,-88
55940766,-3224117,11,-91
55940766,-3224117,11,-92
55941313,-3223342,6,-92
55941313,-3223342,6,-92
55941510,-3223096,1,-90
55941510,-3223096,1,-98
55941790,-3222724,7,-92
55941790,-3222724,7,-104
55942679,-3221389,1,-87
55942912,-3221001,6,-88
55943029,-3220811,1,-94
55943160,-3220598,11,-97
55943160,-3220598,11,-99
55943258,-3220417,11,-92
55943258,-3220417,11,-99
55943340,-3220266,11,-93
55943525,-3219895,6,-96
55943525,-3219895,6,-98
55943920,-3218787,11,-101
55943920,-3218787,6,-97
55944091,-3218415,4,-92
55944580,-3217908,1,-75
55944849,-3217701,11,-89
55944849,-3217701,11,-88
55944849,-3217701,5,-90
55945012,-3217570,6,-110
55945012,-3217570,6,-97
55945079,-3217569,11,-100
55945748,-3219078,7,-94
55945748,-3219078,7,-97
55946922,-3219728,7,-91
55946922,-3219728,7,-93
55947079,-3219628,1,-96
55947637,-3219078,11,-97
55947914,-3218667,6,-97
55947914,-3218667,1,-91
55947914,-3218667,6,-95
55948071,-3218212,1,-97
55948137,-3217676,7,-94
55948383,-3217151,6,-96
55948648,-3217560,11,-95
55948648,-3217560,11,-96
55949822,-3216342,11,-102
55950190,-3215547,11,-97
55950296,-3214824,6,-96
55950296,-3214824,11,-98
55950173,-3214647,11,-98
55949817,-3213700,1,-93
55949918,-3213361,132,-87
55950644,-3211954,1,-97
55950929,-3211454,1,-88
55951175,-3210999,6,-83
55951247,-3210567,11,-94
55951247,-3210567,11,-99
55950566,-3208964,60,-87
55950334,-3208507,11,-92
55950216,-3208109,7,-92
55950216,-3208109,11,-94
55950216,-3208109,6,-94
55950405,-3207988,6,-92
55950713,-3208192,11,-95
55951174,-3207649,11,-101
55951295,-3206826,6,-95
55951267,-3206141,1,-93
55951029,-3205973,1,-86
55950786,-3205865,7,-90
55950786,-3205865,11,-95
55950786,-3205865,7,-91
55950786,-3205865,40,-92
55950786,-3205865,1,-86
55950786,-3205865,11,-87
55950786,-3205865,11,-100
55950692,-3205826,11,-96
55950692,-3205826,1,-89
55950692,-3205826,3,-93
55950540,-3205155,3,-84
55950540,-3205155,11,-96
55950662,-3204479,11,-91
55950662,-3204479,6,-100
55950777,-3203807,6,-88
55950777,-3203807,6,-92
55950777,-3203807,8,-97
55950777,-3203807,1,-86
55950777,-3203807,6,-81
55950859,-3203367,6,-86
55950859,-3203367,108,-80
55950859,-3203367,6,-82
55950859,-3203367,8,-84
55950915,-3203044,1,-88
55950982,-3202748,6,-97
55950982,-3202748,11,-101
55950982,-3202748,11,-92
55951062,-3202248,1,-84
55951062,-3202248,11,-92
55951156,-3201741,1,-83
55951156,-3201741,6,-102
55951287,-3201119,6,-93
55951287,-3201119,1,-91
55951376,-3200717,11,-96
55951453,-3200219,6,-97
55951485,-3200034,6,-89
55951552,-3199701,11,-90
55951631,-3199151,12,-95
55951631,-3199151,11,-87
55951631,-3199151,1,-91
55951758,-3198378,10,-93
55951829,-3198044,7,-97
55951829,-3198044,1,-96
55952006,-3197537,36,-93
55952006,-3197537,13,-97
55952045,-3197317,11,-96
55952125,-3196935,1,-91
55952125,-3196935,6,-84
55952188,-3196345,1,-91
55952238,-3195800,11,-87
55952238,-3195800,44,-90
55952384,-3194980,11,-94
55952384,-3194980,1,-85
55952384,-3194980,1,-97
55952550,-3194227,1,-90
55952602,-3194029,64,-87
55952661,-3193712,1,-96
55952661,-3193712,11,-88
55952661,-3193712,6,-95
55952661,-3193712,1,-99
55952875,-3193482,52,-87
55952875,-3193482,1,-96
55953008,-3193558,44,-94
55953008,-3193558,1,-98
55953240,-3193710,40,-92
55953404,-3193836,64,-88
55953404,-3193836,11,-96
55954246,-3194293,1,-82
55954246,-3194293,6,-97
55954577,-3194475,6,-100
55954577,-3194475,4,-96
55955548,-3194850,1,-95
55955730,-3194004,11,-98
55955984,-3192560,6,-94
55955984,-3192560,10,-97
55956214,-3191277,6,-88
55956214,-3191277,1,-90
55956214,-3191277,6,-93
55956289,-3190802,11,-90
55956289,-3190802,11,-90
55956289,-3190802,11,-92
55956335,-3190489,1,-89
55956335,-3190489,1,-93
55956506,-3189482,1,-97
55956506,-3189482,1,-89
55956506,-3189482,6,-88
55956562,-3189186,6,-87
55956618,-3188796,1,-99
55956628,-3188707,11,-97
55956641,-3188608,6,-97
55956641,-3188608,1,-95
55956678,-3188323,6,-99
55956712,-3188050,1,-97
55956712,-3188050,1,-92
55956712,-3188050,1,-98
55956709,-3187375,1,-96
55956680,-3186493,1,-94
55956465,-3186431,11,-87
55956184,-3186532,11,-97
55955208,-3186803,6,-86
55955101,-3186862,1,-95
55954716,-3187027,11,-93
55954716,-3187027,6,-77
55954484,-3187204,1,-96
55954484,-3187204,1,-95
55954311,-3187397,11,-96
55953741,-3188336,11,-94
55953741,-3188336,11,-100
55953419,-3188539,6,-94
55953419,-3188539,13,-98
55953201,-3189018,6,-93
55951637,-3188190,6,-95
55951377,-3188041,11,-99
55951377,-3188041,6,-97
55951274,-3187970,1,-94
55951274,-3187970,6,-97
55951094,-3187894,6,-94
55951094,-3187894,6,-98
55950594,-3187676,6,-85
55950594,-3187676,6,-85
55950594,-3187676,6,-81
55950494,-3187628,6,-98
55950431,-3187608,1,-99
55950200,-3187519,11,-93
55949227,-3187109,10,-90
55947514,-3186225,11,-91
55946956,-3185937,1,-98
55946956,-3185937,6,-96
55946956,-3185937,6,-83
55946956,-3185937,11,-94
55946956,-3185937,6,-94
55946956,-3185937,4,-95
55941338,-3180674,6,-80
55941338,-3180674,6,-92
55941338,-3180674,5,-92
55941338,-3180674,6,-99
55941338,-3180674,9,-98
55941502,-3183593,7,-78
55941502,-3183593,6,-92
55941502,-3183593,11,-99
55941502,-3183593,6,-91
55941502,-3183593,11,-97
55940661,-3182661,11,-88
55940661,-3182661,1,-99
55940661,-3182661,6,-88
55940401,-3182921,1,-99
55940401,-3182921,11,-90
55940370,-3183138,11,-99
55940370,-3183138,11,-98
55940338,-3183348,6,-95
55940338,-3183348,6,-95
55940338,-3183348,11,-98
55939927,-3184793,1,-94
55939821,-3185314,1,-96
55939747,-3186031,6,-94
55939747,-3186031,6,-92
55939731,-3186274,11,-95
55939720,-3186626,1,-90
55939720,-3186626,1,-95
55939720,-3186626,1,-94
55939689,-3186970,11,-97
55939689,-3186970,11,-99
55939669,-3187094,11,-96
55939669,-3187094,6,-95
55939669,-3187094,11,-99
55939176,-3191504,11,-89
55938829,-3191480,13,-97
55938829,-3191480,11,-96
55938466,-3191447,10,-94
55938466,-3191447,10,-94
55938337,-3191445,11,-96
55938337,-3191445,1,-87
55938337,-3191445,11,-110
55938290,-3191454,1,-92
55938290,-3191454,6,-103
55938290,-3191454,1,-98
55938290,-3191454,1,-99
55938290,-3191454,3,-96
55938235,-3191455,7,-95
55938235,-3191455,7,-95
55938182,-3191480,11,-91
55938113,-3191906,11,-91
55938113,-3191906,11,-96
55938113,-3191906,11,-96
55938113,-3191906,11,-89
55938113,-3192113,4,-97
55938113,-3192113,6,-94
55938113,-3192113,11,-97
55938123,-3192357,5,-80
55938120,-3192701,9,-85
55938120,-3192701,6,-96
55938120,-3192701,9,-87
55938120,-3192701,6,-96
55938120,-3192701,1,-92
55938085,-3193017,6,-87
55938085,-3193017,6,-86
55937856,-3193100,11,-89
55937637,-3193124,7,-86
55937637,-3193124,11,-78
55937263,-3193290,6,-98
55937263,-3193290,6,-109
55936799,-3193728,11,-89
55936522,-3194123,1,-100
55936522,-3194123,1,-96
55935251,-3194140,1,-94
55935120,-3194072,7,-93
55935120,-3194072,6,-99
55935120,-3194072,6,-95
55934294,-3193720,6,-100
55934294,-3193720,7,-95
55934294,-3193720,6,-97
55934294,-3193720,7,-94
55934113,-3193653,7,-95
55933256,-3193258,6,-93
55933256,-3193258,6,-98
55932388,-3192848,6,-92
55932388,-3192848,11,-97
55932388,-3192848,6,-96
55932388,-3192848,1,-96
55932388,-3192848,11,-95
55931425,-3192419,7,-91
55931425,-3192419,7,-80
55931425,-3192419,7,-92
55930839,-3191633,11,-85
55930839,-3191633,9,-94
55930839,-3191633,11,-85
55930839,-3191633,9,-93
55930759,-3191065,1,-86
55930759,-3191065,1,-87
55930347,-3189394,11,-91
55930347,-3189394,11,-91
55929553,-3188899,1,-91
55929553,-3188899,1,-90
55929553,-3188899,1,-106
55929553,-3188899,1,-91
55929293,-3188728,6,-87
55929293,-3188728,11,-98
55928964,-3188497,11,-94
55928964,-3188497,11,-96
55928792,-3188371,11,-87
55928038,-3187912,11,-97
55928038,-3187912,11,-87
55928038,-3187912,1,-95
55928038,-3187912,11,-90
55927916,-3187829,11,-96
55927806,-3187894,1,-98
55927806,-3187894,1,-96
55927757,-3188704,11,-91
55927764,-3188806,6,-91
55927764,-3188806,6,-93
55927727,-3189388,1,-91
55927727,-3189388,1,-91
55927680,-3190035,9,-99
55927680,-3190035,9,-91
55927535,-3192104,1,-96
55927535,-3192104,1,-98
55926917,-3193253,11,-94
55926917,-3193253,11,-95
55926057,-3193039,11,-98
55926053,-3192842,11,-95
55926109,-3190543,11,-97
55926109,-3190543,11,-97
55926199,-3188923,11,-96
55926314,-3187025,10,-99
55926314,-3187025,10,-95
55926314,-3187025,4,-93
55926305,-3188023,1,-91
55926205,-3189549,11,-94
55926205,-3189549,11,-94
55926099,-3191577,1,-97
55926049,-3196723,11,-92
55926049,-3196723,11,-95
55925781,-3198858,11,-87
55925781,-3198858,1,-96
55925781,-3198858,11,-84
55925781,-3198858,1,-97
55925625,-3199583,1,-95
55925625,-3199583,1,-98
55925328,-3200663,1,-93
55924955,-3202455,11,-95
55924955,-3202455,11,-96
55924643,-3205661,10,-97
55924643,-3205661,10,-98
55926058,-3209313,1,-91
55926058,-3209313,1,-91
55926304,-3209282,11,-94
55926304,-3209282,11,-96
55926693,-3209220,7,-86
55926693,-3209220,11,-98
55926693,-3209220,11,-96
55926693,-3209220,7,-87
55926693,-3209220,1,-92
55926944,-3209265,11,-95
55926944,-3209265,11,-72
55926944,-3209265,11,-73
55927417,-3209435,11,-86
55927715,-3209473,1,-103
55927715,-3209473,6,-89
55927715,-3209473,7,-85
55927715,-3209473,1,-109
55927715,-3209473,7,-101
55928126,-3209536,1,-96
55928126,-3209536,6,-90
55928126,-3209536,1,-96
55928174,-3209413,1,-93
55928500,-3209513,11,-96
55928833,-3209572,7,-92
55928833,-3209572,11,-89
55928833,-3209572,11,-92
55928833,-3209572,11,-90
55929299,-3209657,10,-92
55929299,-3209657,10,-93
55929299,-3209657,2,-89
55929540,-3209709,44,-92
55929540,-3209709,9,-92
55929540,-3209709,11,-95
55929612,-3209723,6,-96
55929612,-3209723,11,-95
55929612,-3209723,11,-79
55929612,-3209723,3,-97
55929906,-3209784,6,-90
55929906,-3209784,11,-88
55930205,-3209849,6,-94
55930205,-3209849,6,-95
55930342,-3209881,7,-85
55930342,-3209881,7,-86
55930409,-3209894,11,-82
55930409,-3209894,11,-82
55931888,-3210129,6,-93
55932163,-3210145,6,-90
55932163,-3210145,6,-96
55932487,-3210158,6,-86
55932487,-3210158,8,-88
55932487,-3210158,11,-97
55932570,-3210163,11,-86
55932570,-3210163,1,-91
55932570,-3210163,11,-85
55932880,-3210181,11,-91
55932880,-3210181,11,-90
55934358,-3210173,2,-86
55934358,-3210173,8,-103
55934793,-3210131,1,-89
55935118,-3210160,1,-91
55935118,-3210160,1,-91
55935473,-3210168,1,-100
55935473,-3210168,1,-92
55935787,-3210016,1,-86
55935787,-3210016,1,-90
55935975,-3209622,11,-86
55935975,-3209622,7,-87
55935975,-3209622,7,-89
55935975,-3209622,11,-87
55936050,-3209436,11,-90
55936050,-3209436,11,-88
55936076,-3209347,13,-88
55936361,-3208457,11,-95
55936361,-3208457,4,-88
55936361,-3208457,11,-96
55936526,-3208088,11,-92
55936526,-3208088,11,-91
55936663,-3207853,6,-96
55936663,-3207853,6,-96
55936663,-3207853,11,-92
55936946,-3207347,1,-89
55937078,-3207124,1,-86
55937078,-3207124,36,-81
55937078,-3207124,1,-96
55937133,-3207040,6,-89
55937133,-3207040,1,-82
55937133,-3207040,1,-89
55937133,-3207040,6,-93
55937133,-3207040,11,-84
55937329,-3206708,7,-94
55937668,-3206133,6,-95
55937983,-3205651,6,-94
55937983,-3205651,11,-95
55938236,-3205350,6,-89
55939001,-3204827,11,-94
55939001,-3204827,7,-95
55939001,-3204827,7,-95
55939001,-3204827,3,-90
55939610,-3204628,1,-84
55939610,-3204628,11,-95
55939610,-3204628,1,-83
55939852,-3204516,6,-97
55939897,-3204495,4,-89
55939897,-3204495,6,-95
55940603,-3203851,6,-84
55940603,-3203851,5,-84
55940603,-3203851,6,-87
55940818,-3203642,6,-95
55941070,-3203402,9,-94
55941717,-3204773,6,-96
55941717,-3204773,6,-91
55941717,-3204773,6,-99
55941717,-3204773,1,-92
55941677,-3204954,11,-92
55941677,-3204954,11,-90
55941607,-3205933,1,-89
55941607,-3205933,1,-93
55941368,-3207561,11,-100
55941368,-3207561,11,-94
55941272,-3208147,1,-90
55941272,-3208147,1,-98
55941146,-3208878,11,-97
55941018,-3209418,5,-101
55941018,-3209418,1,-95
55941018,-3209418,7,-76
55941018,-3209418,11,-94
55941018,-3209418,7,-81
55940465,-3210495,6,-96
55940465,-3210495,6,-97
55940236,-3210950,1,-96
55940236,-3210950,1,-102
55939795,-3211842,1,-93
55939795,-3211842,1,-95
55939536,-3212336,7,-96
55939536,-3212336,7,-97
55939409,-3212575,11,-97
55939409,-3212575,11,-97
55939409,-3212575,11,-98
55939409,-3212575,11,-96
55939371,-3212665,8,-94
55939141,-3213136,1,-75
55939141,-3213136,1,-74
55938837,-3213668,1,-94
55938837,-3213668,1,-92
55938360,-3214787,1,-87
55938132,-3215284,1,-97
55938132,-3215284,6,-97
55938132,-3215284,1,-96
55937880,-3215869,11,-96
55937880,-3215869,11,-97
55937521,-3216629,5,-90
55937521,-3216629,11,-95
55937521,-3216629,11,-94
55937284,-3216868,11,-93
55937284,-3216868,11,-90
55937194,-3217112,7,-92
55937194,-3217112,7,-94
55937058,-3217550,9,-97
55936885,-3218020,1,-96
55936885,-3218020,1,-86
55936885,-3218020,1,-98
55936885,-3218020,1,-88
55936788,-3218378,11,-95
55936788,-3218378,11,-93
55935951,-3221096,6,-81
55934435,-3222840,11,-96
55934435,-3222840,11,-96
55933976,-3223204,1,-94
55933976,-3223204,1,-94
55933235,-3223821,11,-96
55933235,-3223821,11,-96
55931965,-3224933,1,-96
55931965,-3224933,11,-90
55931431,-3225390,1,-82
55931431,-3225390,1,-85
55929290,-3223860,1,-94
55929290,-3223860,6,-94
55929290,-3223860,6,-99
55929495,-3223815,6,-93
55929495,-3223815,11,-94
55930356,-3224818,7,-91
55930356,-3224818,11,-82
55930356,-3224818,11,-81
55930403,-3224947,1,-86
55930618,-3225316,1,-96
55930618,-3225316,1,-96
55932032,-3227646,1,-88
55932032,-3227646,1,-88
55932376,-3228250,1,-95
55932376,-3228250,1,-95
55932376,-3228250,1,-94
55932697,-3228625,11,-94
55932697,-3228625,11,-95
55932697,-3228625,11,-90
55932995,-3229156,1,-97
55932995,-3229156,11,-100
55933227,-3229614,10,-96
55933227,-3229614,10,-95
55933409,-3229942,1,-89
55933409,-3229942,1,-95
55933409,-3229942,1,-89
55934235,-3231304,6,-80
55934235,-3231304,6,-81
55934314,-3231449,1,-85
55934314,-3231449,1,-85
55934534,-3231774,11,-82
55934534,-3231774,11,-83
55934376,-3232743,11,-87
55934376,-3232743,11,-93
55934228,-3233087,1,-92
55934228,-3233087,1,-82
55934487,-3234108,1,-91
55934487,-3234108,1,-91
55934952,-3234810,11,-89
55934952,-3234810,11,-99
55934952,-3234810,11,-97
55934952,-3234810,11,-95
55935218,-3235139,10,-96
55935218,-3235139,10,-97
55936509,-3236683,6,-94
55936680,-3238511,11,-90
55936680,-3238511,11,-90
55936433,-3239762,11,-99
55936433,-3239762,11,-97
55936137,-3240805,1,-90
55936137,-3240805,4,-99
55936137,-3240805,4,-97
55935857,-3241407,11,-92
55935090,-3242722,1,-88
55934542,-3243618,11,-81
55934542,-3243618,11,-85
55934301,-3243987,1,-99
55934301,-3243987,11,-93
55933844,-3244754,11,-98
55933844,-3244754,1,-97
55933844,-3244754,11,-100
55933956,-3245964,1,-94
55934717,-3246537,11,-101
55934717,-3246537,11,-94
55938863,-3251283,1,-94
55938863,-3251283,1,-96
55939082,-3251505,1,-93
55939082,-3251505,1,-93
55939222,-3251436,1,-96
55939222,-3251436,1,-94
55939728,-3251426,6,-93
55939728,-3251426,6,-91
55940495,-3251543,1,-78
55940495,-3251543,1,-81
55940883,-3251614,1,-89
55941666,-3251704,1,-94
55941982,-3251738,1,-94
55942372,-3251764,4,-87
55942718,-3251772,11,-86
55942994,-3251707,7,-96
55942994,-3251707,1,-91
55942994,-3251707,11,-91
55942994,-3251707,6,-79
55942994,-3251707,1,-91
55943312,-3251577,6,-94
55943312,-3251577,6,-93
55943573,-3251438,1,-94
55943573,-3251438,11,-90
55943573,-3251438,6,-89
55943573,-3251438,1,-95
55944125,-3251148,11,-94
55944125,-3251148,11,-94
55944360,-3251099,1,-91
55944360,-3251099,1,-94
55944460,-3251187,11,-95
55944460,-3251187,11,-93
55945307,-3247221,1,-97
55945307,-3247221,1,-92
55945304,-3246375,1,-94
55945304,-3246375,11,-94
55945304,-3246375,1,-95
55945304,-3246375,11,-93
55945308,-3245454,6,-97
55945346,-3244456,6,-94
55945346,-3244456,1,-92
55945346,-3244456,1,-101
55945403,-3243520,1,-96
55945403,-3243520,1,-95
55945403,-3243520,11,-96
55945571,-3241652,1,-94
55946117,-3236416,1,-95
55945896,-3235609,1,-92
55945800,-3235074,6,-94
55945800,-3235074,6,-87
55945723,-3234795,7,-95
55945545,-3234140,7,-93
55945454,-3233467,7,-90
55945454,-3233467,11,-94
55945486,-3232138,7,-91
55945486,-3232138,7,-95
55945667,-3229845,7,-97
55945667,-3229845,7,-97
55945775,-3228814,6,-89
55945788,-3228714,6,-98
55946001,-3224389,6,-92
55945963,-3223471,6,-93
55945943,-3222939,1,-99
55945924,-3222481,6,-94
55945924,-3222481,11,-90
55945924,-3222481,11,-85
55945908,-3221994,11,-91
55945908,-3221994,5,-97
55945885,-3221223,1,-93
55945885,-3221223,6,-82
55945906,-3221150,10,-93
55945906,-3221150,10,-91
55945939,-3220827,1,-91
55945949,-3220151,1,-90
55945964,-3219807,1,-88
55945978,-3219156,6,-93
55946412,-3219246,6,-96
55946412,-3219246,6,-91
55946714,-3219502,1,-107
55947059,-3219628,2,-105
55947579,-3219019,11,-111
55947788,-3218687,1,-100
55947788,-3218687,11,-97
55947788,-3218687,1,-99
55947788,-3218687,1,-88
55948014,-3218196,11,-88
55948200,-3217527,11,-96
55948200,-3217527,11,-97
55948477,-3217228,1,-94
55948509,-3217310,1,-98
55948742,-3217755,11,-96
55948742,-3217755,11,-93
55948742,-3217755,6,-94
55949110,-3218144,7,-90
55949110,-3218144,6,-89
55949110,-3218144,7,-93
55949335,-3217644,11,-92
55949335,-3217644,11,-85
55949934,-3216232,6,-92
55949934,-3216232,6,-99
55950153,-3215777,11,-92
55950153,-3215777,11,-89
55950440,-3215061,11,-91
55950440,-3215061,11,-89
55950361,-3214834,11,-95
55949930,-3214205,6,-97
55949930,-3214205,6,-90
55949846,-3213685,1,-92
55950242,-3212786,6,-93
55950568,-3212127,11,-98
55950714,-3211826,4,-91
55951555,-3211914,7,-95
55951555,-3211914,1,-95
55951598,-3212161,11,-91
55951598,-3212161,11,-92
55951925,-3213082,1,-95
55951925,-3213082,11,-82
55951925,-3213082,11,-89
55951925,-3213082,1,-97
55952205,-3213751,10,-94
55952205,-3213751,10,-97
55952740,-3214207,1,-99
55952740,-3214207,1,-93
55953464,-3214693,6,-96
55953464,-3214693,6,-99
55954238,-3215387,1,-94
55954238,-3215387,11,-97
55954238,-3215387,1,-97
55954238,-3215387,11,-95
55954413,-3215519,1,-93
55954564,-3215644,1,-94
55954564,-3215644,1,-96
55955260,-3216801,1,-93
55955260,-3216801,1,-93
55955334,-3217722,1,-97
55955334,-3217722,6,-90
55955322,-3218401,11,-97
55955322,-3218401,11,-98
55955190,-3219425,11,-97
55955190,-3219425,1,-90
55955163,-3219530,11,-98
55955161,-3220067,11,-96
55955107,-3220856,6,-99
55955107,-3220856,11,-103
55955107,-3220856,6,-111
55955107,-3220856,11,-98
55955107,-3220856,6,-102
55955043,-3221530,1,-95
55955043,-3221530,11,-97
55955245,-3222289,1,-99
55955650,-3222770,11,-96
55955650,-3222770,1,-98
55956584,-3223850,1,-96
55957016,-3224362,6,-109
55957016,-3224362,6,-109
55957384,-3224818,6,-91
55957384,-3224818,6,-96
55957384,-3224818,1,-97
55958807,-3226686,1,-89
55958807,-3226686,1,-89
55961490,-3230353,1,-99
55961693,-3230647,11,-91
55961927,-3231010,10,-94
55962145,-3231226,6,-95
55962145,-3231226,1,-96
55962454,-3231535,11,-100
55965485,-3233986,11,-97
55965859,-3234253,2,-90
55966204,-3234510,11,-94
55966204,-3234510,11,-98
55966419,-3234676,11,-96
55966487,-3234694,1,-97
55966487,-3234694,1,-98
55967074,-3234975,11,-111
55967074,-3234975,11,-96
55967074,-3234975,11,-97
55967074,-3234975,11,-97
55967823,-3235660,6,-96
55969632,-3224955,1,-103
55969995,-3221610,11,-96
55969995,-3221610,11,-89
55970064,-3220927,11,-90
55970064,-3220927,11,-90
55970193,-3219709,1,-96
55970221,-3219423,11,-99
55970221,-3219423,11,-97
55970373,-3217792,1,-97
55970373,-3217792,6,-95
55970373,-3217792,1,-96
55970373,-3217792,6,-95
55970448,-3217181,11,-90
55970448,-3217181,11,-98
55970523,-3216532,11,-93
55970523,-3216532,11,-97
55970523,-3216532,11,-97
55970773,-3214079,6,-96
55970924,-3213109,6,-92
55970957,-3212886,6,-91
55970957,-3212886,6,-96
55970859,-3213207,1,-97
55970859,-3213207,1,-96
55970859,-3213207,11,-98
55971123,-3210486,1,-94
55971123,-3210486,12,-93
55971182,-3209895,6,-93
55971182,-3209895,6,-96
55971213,-3209482,1,-88
55971213,-3209482,1,-87
55971229,-3209149,1,-96
55971229,-3209149,1,-108
55971229,-3209149,6,-77
55971217,-3208894,7,-95
55971217,-3208894,7,-92
55970690,-3208333,11,-82
55970690,-3208333,6,-75
55970438,-3208078,8,-96
55970236,-3207882,6,-91
55970236,-3207882,6,-87
55970125,-3207789,11,-97
55970125,-3207789,1,-89
55970125,-3207789,11,-95
55969561,-3207303,7,-89
55969561,-3207303,11,-81
55969561,-3207303,11,-85
55969561,-3207303,11,-82
55969274,-3207034,7,-95
55969049,-3206803,1,-86
55968797,-3206634,9,-95
55967901,-3205762,10,-89
55967901,-3205762,10,-95
55967901,-3205762,1,-92
55966922,-3204845,6,-100
55966922,-3204845,6,-89
55966922,-3204845,7,-89
55966593,-3204538,1,-94
55966593,-3204538,7,-98
55966593,-3204538,1,-94
55966276,-3204231,1,-91
55966276,-3204231,1,-95
55966047,-3203986,9,-85
55965728,-3203640,1,-88
55965728,-3203640,11,-87
55965728,-3203640,11,-91
55965728,-3203640,1,-87
55965728,-3203640,11,-92
55965412,-3203306,11,-94
55965412,-3203306,5,-82
55965125,-3203012,11,-92
55964881,-3202713,11,-89
55964770,-3202600,6,-92
55964770,-3202600,6,-94
55964583,-3202455,11,-91
55964583,-3202455,11,-95
55964290,-3202142,6,-92
55964290,-3202142,1,-95
55964290,-3202142,1,-94
55963769,-3201511,6,-91
55963499,-3201092,6,-93
55963499,-3201092,6,-96
55963244,-3200675,1,-87
55963244,-3200675,1,-87
55963015,-3200271,10,-77
55962830,-3199948,6,-92
55962830,-3199948,4,-88
55962830,-3199948,6,-93
55962791,-3199866,1,-96
55962791,-3199866,1,-95
55962687,-3199649,7,-94
55962658,-3199571,3,-97
55962564,-3199536,6,-101
55962449,-3199727,6,-99
55962332,-3199994,6,-78
55962026,-3200738,11,-90
55961767,-3201269,6,-97
55961767,-3201269,1,-91
55961767,-3201269,6,-94
55961767,-3201269,1,-91
55961520,-3201483,6,-71
55961520,-3201483,11,-98
55961232,-3201382,10,-94
55961232,-3201382,1,-83
55961232,-3201382,7,-84
55961232,-3201382,7,-82
55960989,-3201229,7,-101
55960989,-3201229,6,-104
55960989,-3201229,7,-91
55960989,-3201229,8,-89
55960989,-3201229,6,-94
55960813,-3201104,11,-81
55960813,-3201104,1,-87
55960813,-3201104,11,-87
55960746,-3201050,11,-94
55960546,-3200909,1,-96
55960546,-3200909,1,-89
55960327,-3200755,2,-92
55960327,-3200755,7,-94
55960231,-3200695,108,-89
55960231,-3200695,11,-98
55960231,-3200695,11,-97
55959739,-3200519,6,-93
55959739,-3200519,6,-94
55959414,-3200342,44,-88
55959414,-3200342,6,-91
55959088,-3200164,1,-95
55959088,-3200164,12,-96
55958772,-3199989,6,-78
55958772,-3199989,7,-89
55958772,-3199989,6,-78
55958772,-3199989,6,-90
55958772,-3199989,7,-94
55958772,-3199989,7,-91
55958454,-3199819,7,-94
55958454,-3199819,1,-97
55958154,-3199640,1,-99
55958154,-3199640,1,-97
55957862,-3199471,11,-86
55957862,-3199471,11,-94
55957862,-3199471,11,-87
55957862,-3199471,11,-96
55957608,-3199346,11,-98
55957608,-3199346,11,-94
55957461,-3199231,1,-102
55957461,-3199231,11,-93
55957461,-3199231,11,-94
55957415,-3199217,6,-91
55957415,-3199217,6,-83
55957415,-3199217,11,-87
55957330,-3199183,6,-92
55957104,-3199059,7,-88
55957104,-3199059,11,-96
55956771,-3198907,4,-97
55956771,-3198907,6,-107
55956771,-3198907,7,-88
55956771,-3198907,11,-94
55956771,-3198907,7,-92
55956500,-3198775,7,-98
55956500,-3198775,1,-106
55956500,-3198775,7,-95
55956500,-3198775,11,-94
55956500,-3198775,1,-108
55956343,-3198664,11,-91
55956343,-3198664,11,-90
55956249,-3198573,6,-97
55956037,-3198459,11,-91
55956037,-3198459,6,-93
55955489,-3198188,11,-96
55954935,-3197869,6,-95
55954935,-3197869,6,-96
55954935,-3197869,1,-96
55954935,-3197869,6,-97
55954935,-3197869,11,-98
55954645,-3197723,11,-83
55954645,-3197723,6,-93
55954357,-3197549,1,-94
55954357,-3197549,6,-99
55954357,-3197549,1,-93
55954068,-3197408,6,-87
55954068,-3197408,1,-86
55954068,-3197408,44,-82
55953825,-3194128,1,-79
55953825,-3194128,6,-95
55953825,-3194128,1,-88
55953825,-3194128,1,-95
55953825,-3194128,9,-82
55954116,-3194291,11,-96
55954116,-3194291,1,-98
55954413,-3194419,11,-95
55954713,-3194584,1,-98
55954713,-3194584,11,-98
55954938,-3194706,1,-93
55954938,-3194706,11,-95
55955198,-3194841,4,-96
55955198,-3194841,4,-95
55955198,-3194841,6,-100
55955823,-3193393,1,-93
55955823,-3193393,1,-96
55955823,-3193393,11,-91
55955886,-3192983,1,-84
55955886,-3192983,6,-92
55955886,-3192983,1,-93
55955952,-3192616,11,-96
55955952,-3192616,1,-91
55956051,-3192133,1,-110
55956142,-3191655,11,-97
55956142,-3191655,11,-96
55956455,-3189788,1,-90
55956455,-3189788,11,-92
55956455,-3189788,11,-93
55956455,-3189788,6,-94
55956503,-3189419,11,-91
55956503,-3189419,11,-103
55956503,-3189419,6,-83
55956503,-3189419,11,-92
55956516,-3189304,1,-83
55956516,-3189304,1,-103
55956592,-3188809,11,-91
55956668,-3188385,1,-88
55956668,-3188385,1,-89
55956725,-3188087,11,-84
55956725,-3188087,6,-91
55956744,-3188008,1,-93
55956744,-3188008,8,-97
55956792,-3187677,6,-88
55956792,-3187677,8,-92
55956792,-3187677,1,-93
55956792,-3187677,6,-86
55956765,-3187215,36,-90
55956765,-3187215,1,-108
55956730,-3186796,6,-90
55956730,-3186796,1,-88
55956730,-3186796,6,-89
55956778,-3186529,6,-87
55956778,-3186529,11,-94
55956778,-3186529,1,-103
55956896,-3186229,11,-91
55956896,-3186229,1,-102
55957077,-3185879,6,-85
55957077,-3185879,1,-91
55957077,-3185879,1,-96
55957077,-3185879,6,-93
55957077,-3185879,11,-94
55957174,-3185716,11,-105
55957174,-3185716,1,-94
55957174,-3185716,8,-91
55957174,-3185716,1,-98
55957308,-3185512,11,-83
55957308,-3185512,11,-94
55957485,-3185254,1,-90
55957819,-3184866,1,-98
55957819,-3184866,1,-91
55958098,-3184656,11,-85
55958098,-3184656,11,-93
55958391,-3184434,11,-97
55958391,-3184434,1,-88
55958391,-3184434,6,-96
55958808,-3184031,11,-94
55958808,-3184031,6,-86
55958808,-3184031,6,-98
55958848,-3183988,7,-89
55958848,-3183988,11,-91
55958848,-3183988,7,-92
55958848,-3183988,11,-85
55958959,-3183831,11,-96
55958959,-3183831,11,-93
55962068,-3180151,4,-91
55962765,-3178960,7,-81
55962765,-3178960,7,-85
55962765,-3178960,6,-74
55962830,-3178890,11,-90
55962830,-3178890,11,-84
55963188,-3178560,7,-90
55963188,-3178560,11,-91
55963188,-3178560,7,-90
55963188,-3178560,11,-94
55963532,-3178255,11,-89
55963532,-3178255,6,-87
55963716,-3178127,10,-89
55963716,-3178127,12,-103
55963834,-3178241,8,-95
55963834,-3178241,8,-94
55964056,-3178471,10,-97
55964056,-3178471,11,-80
55964301,-3178769,11,-88
55964301,-3178769,11,-90
55965137,-3179795,1,-97
55965137,-3179795,1,-87
55965137,-3179795,1,-97
55965137,-3179795,1,-85
55965985,-3180853,11,-100
55968464,-3183990,7,-95
55968464,-3183990,7,-98
55968591,-3184140,6,-97
55968591,-3184140,6,-100
55968802,-3184415,11,-92
55968802,-3184415,1,-92
55968802,-3184415,11,-94
55969089,-3184850,1,-98
55969906,-3186150,11,-88
55969906,-3186150,11,-86
55970599,-3187090,6,-92
55970599,-3187090,6,-95
55970870,-3187222,10,-98
55971408,-3187519,11,-96
55971408,-3187519,11,-99
55971772,-3187576,1,-97
55972025,-3187578,6,-85
55972025,-3187578,11,-95
55972025,-3187578,11,-92
55972025,-3187578,6,-94
55972368,-3187650,7,-96
55972368,-3187650,10,-91
55972368,-3187650,7,-95
55972368,-3187650,10,-92
55972672,-3187925,10,-93
55973002,-3188252,11,-83
55973375,-3188609,11,-93
55973375,-3188609,1,-96
55973375,-3188609,11,-96
55973375,-3188609,1,-94
55973582,-3188793,7,-92
55973747,-3188954,1,-93
55973930,-3189144,1,-96
55973930,-3189144,1,-99
55975316,-3190707,6,-93
55975687,-3191138,1,-98
55975687,-3191138,1,-97
55976332,-3191906,6,-97
55976919,-3192567,1,-106
55976919,-3192567,1,-103
55977175,-3192739,11,-93
55977733,-3193084,1,-88
55977847,-3193187,1,-100
55978248,-3193403,6,-77
55978248,-3193403,6,-92
55978248,-3193403,1,-96
55978415,-3193486,11,-90
55978415,-3193486,7,-96
55978415,-3193486,11,-86
55978219,-3194635,11,-95
55978077,-3195269,7,-86
55978077,-3195269,11,-85
55977950,-3195843,7,-96
55977950,-3195843,7,-95
55977843,-3196395,11,-97
55977843,-3196395,11,-95
55977769,-3196850,7,-96
55977769,-3196850,7,-97
55977717,-3197138,11,-99
55977717,-3197138,1,-94
55977717,-3197138,1,-91
55977716,-3197375,6,-95
55977716,-3197375,6,-98
55978352,-3197545,1,-96
55978352,-3197545,1,-96
55979056,-3197718,11,-97
55979376,-3197804,11,-92
55979813,-3197976,10,-93
55979813,-3197976,10,-90
55980394,-3190566,10,-96
55980394,-3190566,10,-100
55979911,-3189044,7,-89
55979796,-3187691,1,-98
55979740,-3187114,6,-97
55979740,-3187114,6,-97
55979553,-3185637,11,-92
55979399,-3184841,11,-96
55979399,-3184841,11,-93
55979209,-3184033,1,-95
55979209,-3184033,10,-97
55979209,-3184033,10,-94
55979010,-3183272,6,-97
55979010,-3183272,11,-98
55978784,-3182416,11,-110
55978784,-3182416,11,-97
55978514,-3181320,11,-89
55978514,-3181320,11,-90
55978514,-3181320,11,-92
55978436,-3181032,1,-96
55978436,-3181032,7,-87
55978436,-3181032,1,-82
55978318,-3180602,6,-82
55978318,-3180602,6,-88
55978204,-3180093,1,-90
55978204,-3180093,11,-79
55978095,-3179509,1,-83
55978095,-3179509,1,-81
55978095,-3179509,1,-91
55978095,-3179509,1,-94
55978060,-3179303,6,-91
55977956,-3178863,6,-92
55977849,-3178263,7,-83
55977849,-3178263,7,-81
55977676,-3177330,11,-96
55977676,-3177330,11,-101
55977537,-3176521,1,-97
55977537,-3176521,7,-95
55977537,-3176521,11,-96
55977435,-3175932,1,-106
55977310,-3175199,11,-94
55977310,-3175199,11,-93
55977310,-3175199,6,-97
55977220,-3174610,1,-85
55977220,-3174610,11,-90
55977220,-3174610,6,-85
55977220,-3174610,11,-93
55977185,-3174274,6,-92
55977185,-3174274,11,-94
55977185,-3174274,11,-97
55977035,-3173487,6,-94
55976914,-3172818,1,-91
55976914,-3172818,1,-93
55976645,-3171246,6,-91
55976645,-3171246,11,-99
55976645,-3171246,1,-96
55976538,-3170572,1,-91
55976538,-3170572,11,-85
55976538,-3170572,1,-95
55976454,-3170250,11,-93
55976182,-3169152,7,-97
55975993,-3168150,7,-72
55975849,-3167643,1,-92
55975372,-3166653,7,-83
55975372,-3166653,7,-85
55975372,-3166653,6,-95
55975125,-3166739,1,-99
55975125,-3166739,6,-97
55975125,-3166739,1,-91
55974845,-3166942,1,-87
55974845,-3166942,6,-91
55974845,-3166942,1,-89
55974518,-3167206,1,-84
55974518,-3167206,6,-75
55974518,-3167206,1,-93
55974518,-3167206,11,-96
55974210,-3167419,1,-102
55974051,-3167516,7,-80
55974051,-3167516,7,-78
55974008,-3167563,4,-87
55973011,-3168383,6,-93
55973011,-3168383,1,-90
55973011,-3168383,1,-91
55972639,-3168704,6,-89
55972291,-3169017,1,-93
55972291,-3169017,11,-98
55972291,-3169017,11,-94
55971908,-3169351,7,-87
55971908,-3169351,1,-95
55971908,-3169351,11,-80
55971908,-3169351,1,-93
55971703,-3169582,7,-89
55971703,-3169582,7,-92
55971593,-3169764,7,-100
55971266,-3170302,11,-96
55971266,-3170302,7,-95
55971266,-3170302,11,-95
55971029,-3170688,6,-100
55971029,-3170688,6,-98
55970754,-3171161,4,-94
55969539,-3172589,7,-84
55969539,-3172589,7,-84
55969277,-3172831,1,-97
55968884,-3173179,6,-81
55968884,-3173179,1,-88
55968884,-3173179,1,-86
55968884,-3173179,6,-81
55967831,-3174061,11,-81
55967543,-3174298,6,-98
55967543,-3174298,11,-87
55967543,-3174298,6,-97
55967404,-3174467,11,-93
55967035,-3174770,11,-92
55967035,-3174770,11,-93
55966770,-3174980,1,-82
55966770,-3174980,1,-87
55966313,-3175369,12,-79
55966066,-3175572,7,-87
55965675,-3175902,1,-85
55965675,-3175902,1,-94
55965261,-3176192,6,-85
55965073,-3176402,1,-89
55964732,-3176724,7,-90
55964732,-3176724,11,-97
55964732,-3176724,4,-91
55964732,-3176724,7,-96
55964416,-3177030,44,-73
55964197,-3177258,1,-86
55964197,-3177258,1,-78
55964197,-3177258,9,-84
55963954,-3177499,100,-87
55963754,-3177720,11,-95
55963668,-3177816,5,-82
55962805,-3178724,11,-95
55962607,-3179007,7,-89
55962449,-3179202,11,-83
55962449,-3179202,11,-98
55962159,-3179518,1,-96
55958705,-3183803,11,-96
55958656,-3183841,6,-92
55946918,-3191215,6,-91
55946918,-3191215,11,-98
55946982,-3191196,6,-88
55947125,-3191250,1,-92
55947162,-3191171,1,-91
55947162,-3191171,11,-80
55947162,-3191171,11,-92
55947245,-3190473,6,-100
55947445,-3189580,1,-94
55947593,-3189051,1,-90
55947708,-3188584,11,-94
55947789,-3188233,1,-93
55947873,-3187796,1,-106
55947965,-3187284,1,-93
55947965,-3187284,6,-93
55948015,-3187026,6,-77
55948015,-3187026,1,-88
55948015,-3187026,11,-96
55948003,-3186875,1,-87
55948003,-3186875,1,-83
55948003,-3186875,6,-90
55948054,-3186878,64,-93
55948096,-3186832,1,-91
55948395,-3186540,1,-91
55948395,-3186540,11,-93
55948671,-3186748,7,-92
55948671,-3186748,1,-95
55948671,-3186748,7,-94
55948828,-3186877,1,-89
55948922,-3186970,5,-97
55948922,-3186970,5,-95
55948922,-3186970,1,-89
55949104,-3187124,11,-85
55949104,-3187124,7,-83
55949104,-3187124,11,-86
55949104,-3187124,7,-88
55949104,-3187124,1,-82
55949196,-3187127,100,-86
55949196,-3187127,1,-95
55949692,-3187412,2,-99
55949692,-3187412,1,-94
55949883,-3187495,1,-103
55949883,-3187495,1,-89
55949927,-3187527,10,-98
55949927,-3187527,10,-98
55949927,-3187527,1,-94
55949927,-3187527,6,-92
55949927,-3187527,11,-93
55949963,-3187470,6,-86
55950044,-3187458,4,-95
55950015,-3187543,11,-99
55949993,-3187624,11,-99
55949968,-3187692,1,-99
55949968,-3187692,6,-99
55950086,-3187662,11,-93
55950120,-3187606,1,-96
55950120,-3187606,1,-80
55950120,-3187606,1,-98
55950160,-3187557,1,-93
55950140,-3187480,1,-91
55950140,-3187480,6,-91
55950186,-3187478,11,-92
55950303,-3187268,6,-95
55950303,-3187268,1,-98
55950301,-3186971,1,-98
55950301,-3186971,1,-88
55950301,-3186971,11,-93
55950299,-3186870,6,-98
55950299,-3186870,11,-98
55950308,-3186763,6,-93
55950340,-3186446,6,-96
55950340,-3186446,6,-98
55950382,-3186070,6,-91
55950458,-3185532,6,-78
55950458,-3185532,6,-82
55950472,-3185447,10,-97
55950472,-3185447,6,-94
55950472,-3185447,11,-95
55950472,-3185447,10,-98
55950472,-3185447,6,-92
55950474,-3185331,1,-93
55950538,-3184974,11,-98
55950640,-3184490,6,-64
55950640,-3184490,11,-92
55950640,-3184490,6,-65
55950683,-3184260,6,-91
55950683,-3184260,6,-80
55950748,-3183854,6,-88
55950810,-3183372,11,-96
55950810,-3183372,6,-89
55950864,-3182985,7,-101
55950864,-3182985,7,-98
55950935,-3182485,6,-98
55950975,-3182055,11,-93
55950975,-3182055,1,-93
55951027,-3181709,1,-96
55951037,-3181627,11,-95
55951057,-3181392,7,-93
55951057,-3181392,7,-95
55951057,-3181392,1,-90
55951266,-3180330,10,-96
55951266,-3180330,1,-112
55951266,-3180330,1,-100
55951345,-3179950,10,-93
55951553,-3179097,7,-91
55951553,-3179097,6,-90
55951553,-3179097,13,-99
55951553,-3179097,6,-94
55951575,-3178997,1,-87
55951575,-3178997,1,-85
55951575,-3178997,13,-95
55951592,-3178907,12,-98
55951592,-3178907,12,-94
55951893,-3177635,10,-97
55951893,-3177635,1,-84
55951893,-3177635,1,-85
55952024,-3177178,7,-97
55952024,-3177178,6,-93
55952024,-3177178,7,-97
55952024,-3177178,6,-97
55952150,-3176689,6,-107
55952150,-3176689,1,-98
55952150,-3176689,6,-91
55952150,-3176689,1,-95
55952278,-3176218,1,-88
55952372,-3175822,11,-85
55952372,-3175822,11,-86
55952435,-3175623,6,-98
55952435,-3175623,11,-96
55952485,-3175253,9,-95
55952485,-3175253,1,-93
55952485,-3175253,1,-97
55952485,-3175253,6,-95
55952717,-3174692,6,-96
55952717,-3174692,6,-99
55952818,-3174625,11,-98
55952818,-3174625,6,-93
55952924,-3174599,11,-96
55953559,-3174278,6,-105
55953662,-3174200,6,-93
55956250,-3172192,6,-96
55956250,-3172192,6,-95
55956843,-3172786,11,-92
55956843,-3172786,11,-97
55957076,-3172667,1,-85
55957076,-3172667,4,-96
55957076,-3172667,1,-87
55957181,-3172535,6,-96
55957181,-3172535,6,-92
55957219,-3172480,7,-94
55957219,-3172480,7,-94
55958070,-3171992,11,-92
55958655,-3171856,6,-97
55958655,-3171856,1,-80
55958868,-3171811,6,-88
55959047,-3171788,1,-95
55959047,-3171788,11,-93
55959047,-3171788,11,-95
55959157,-3171793,11,-92
55959157,-3171793,2,-93
55959157,-3171793,11,-94
55959285,-3171761,2,-88
55959614,-3171657,132,-84
55959614,-3171657,11,-92
55959614,-3171657,1,-93
55959614,-3171657,1,-87
55959614,-3171657,1,-86
55959820,-3171611,11,-93
55959820,-3171611,11,-92
55960174,-3171577,11,-92
55960174,-3171577,4,-98
55960692,-3171443,6,-93
55960692,-3171443,11,-87
55960692,-3171443,11,-84
55960765,-3171424,7,-94
55960765,-3171424,7,-94
55961453,-3171201,1,-98
55961453,-3171201,11,-78
55961453,-3171201,6,-95
55961453,-3171201,4,-97
55961453,-3171201,1,-91
55961633,-3171148,6,-96
55961898,-3171103,10,-93
55961898,-3171103,6,-86
55961898,-3171103,10,-97
55962138,-3171076,11,-99
55962138,-3171076,11,-94
55963982,-3170632,6,-94
55963982,-3170632,11,-88
55963982,-3170632,6,-94
55964211,-3170601,1,-93
55964211,-3170601,1,-89
55964263,-3170588,6,-90
55964263,-3170588,1,-95
55964366,-3170561,1,-96
55964648,-3170472,6,-72
55964998,-3170360,11,-101
55964998,-3170360,11,-98
55965272,-3170273,11,-87
55965272,-3170273,11,-91
55965533,-3170211,11,-94
55965533,-3170211,11,-97
55965730,-3170149,11,-89
55965730,-3170149,11,-91
55965730,-3170149,11,-92
55965730,-3170149,11,-93
55965986,-3170074,11,-104
55965986,-3170074,11,-88
55965986,-3170074,11,-105
55966130,-3170018,11,-90
55966304,-3169927,7,-90
55966304,-3169927,11,-92
55966304,-3169927,11,-92
55966944,-3169512,6,-94
55966944,-3169512,6,-93
55967235,-3169318,6,-91
55967545,-3169047,6,-98
55967545,-3169047,11,-100
55967545,-3169047,11,-96
55967545,-3169047,11,-83
55967840,-3168788,6,-87
55967840,-3168788,1,-96
55968023,-3168512,2,-98
55968063,-3168464,11,-92
55968063,-3168464,11,-93
55969531,-3168483,11,-94
55969531,-3168483,7,-82
55969531,-3168483,7,-83
55969446,-3168298,4,-89
55969718,-3160856,6,-84
55969718,-3160856,6,-86
55969819,-3160135,11,-94
55969746,-3159844,9,-89
55969624,-3159687,124,-87
55969546,-3159573,6,-93
55969546,-3159573,6,-89
55969318,-3159413,11,-88
55969318,-3159413,6,-80
55969318,-3159413,11,-93
55969318,-3159413,11,-86
55968557,-3158777,11,-91
55968557,-3158777,11,-94
55968194,-3158507,7,-99
55968194,-3158507,7,-93
55967947,-3158250,1,-89
55967947,-3158250,1,-95
55967595,-3157811,1,-93
55966774,-3156688,1,-98
55966774,-3156688,1,-95
55965873,-3155710,7,-76
55965873,-3155710,1,-97
55965873,-3155710,7,-78
55965873,-3155710,12,-87
55965873,-3155710,1,-100
55965506,-3155380,11,-88
55963630,-3154113,10,-98
55963630,-3154113,11,-95
55963630,-3154113,10,-97
55963580,-3154086,10,-94
55962496,-3153294,1,-90
55962496,-3153294,1,-92
55962174,-3152667,6,-92
55962174,-3152667,6,-93
55962291,-3151749,1,-100
55962291,-3151749,1,-99
55962328,-3151479,1,-92
55962328,-3151479,1,-89
55962462,-3148814,11,-96
55962462,-3148814,11,-98
55962465,-3148565,11,-94
55962465,-3148565,11,-97
55962624,-3145917,7,-88
55961605,-3143534,1,-90
55961605,-3143534,1,-92
55961354,-3143120,11,-89
55961354,-3143120,7,-90
55961230,-3142901,11,-93
55960504,-3141784,11,-96
55960504,-3141784,6,-99
55960984,-3142524,7,-94
55960955,-3142345,1,-91
55960955,-3142345,1,-95
55960517,-3140411,1,-89
55960283,-3136991,11,-90
55960412,-3135600,11,-82
55960552,-3134791,1,-99
55960552,-3134791,6,-93
55960552,-3134791,1,-97
55960552,-3134791,6,-94
55960606,-3134279,1,-92
55960606,-3134279,11,-83
55960606,-3134279,1,-95
55960270,-3127711,1,-94
55960270,-3127711,1,-94
55959934,-3127263,1,-91
55959934,-3127263,1,-90
55958833,-3125855,13,-87
55958833,-3125855,13,-87
55957878,-3125006,6,-93
55957878,-3125006,6,-93
55957653,-3124899,10,-98
55957504,-3124841,6,-92
55957504,-3124841,6,-89
55957495,-3122332,1,-94
55957495,-3122332,1,-93
55955692,-3119008,1,-92
55955438,-3118575,6,-95
55955051,-3117911,4,-77
55955051,-3117911,6,-94
55954887,-3117589,11,-84
55954887,-3117589,2,-94
55954887,-3117589,11,-84
55954752,-3117421,6,-97
55954752,-3117421,6,-100
55954557,-3117106,6,-102
55954557,-3117106,6,-86
55954281,-3116616,6,-88
55954281,-3116616,11,-81
55954281,-3116616,6,-87
55953982,-3116095,7,-86
55953982,-3116095,7,-97
55953667,-3115543,1,-83
55953502,-3115266,11,-97
55953347,-3115093,11,-95
55953116,-3114760,1,-95
55953116,-3114760,9,-88
55953116,-3114760,1,-94
55953035,-3114615,9,-95
55952768,-3114461,6,-95
55951601,-3116240,6,-94
55951601,-3116240,6,-99
55951268,-3116857,11,-82
55951268,-3116857,11,-83
55951096,-3117112,1,-94
55951096,-3117112,1,-103
55949424,-3119728,6,-86
55949424,-3119728,6,-84
55948132,-3119550,6,-98
55947432,-3119173,1,-91
55947432,-3119173,1,-89
55947092,-3118994,6,-98
55946660,-3118763,1,-96
55945367,-3118068,6,-85
55941178,-3115417,6,-89
55941178,-3115417,6,-88
55939231,-3110376,13,-97
55939460,-3108559,7,-95
55939460,-3108559,1,-93
55939525,-3108142,7,-97
55944170,-3106422,6,-93
55944170,-3106422,6,-95
55944119,-3108369,6,-92
55944119,-3108369,11,-97
55944119,-3108369,6,-90
55944123,-3110959,1,-90
55944123,-3110959,1,-89
55943676,-3115237,9,-100
55943676,-3115237,9,-94
55943562,-3116687,1,-96
55943500,-3117269,6,-107
55943500,-3117269,6,-110
55943423,-3117940,11,-94
55943423,-3117940,1,-110
55943423,-3117940,1,-83
55943423,-3117940,11,-94
55943345,-3118637,1,-88
55943345,-3118637,1,-104
55943267,-3119335,1,-110
55943124,-3120559,11,-94
55943088,-3120842,11,-89
55943088,-3120842,11,-90
55943074,-3120960,11,-101
55943033,-3121310,11,-98
55943857,-3122853,1,-93
55943857,-3122853,1,-94
55944191,-3123168,11,-98
55944520,-3123470,11,-87
55944520,-3123470,1,-96
55945158,-3124012,11,-99
55945858,-3124655,7,-96
55945858,-3124655,7,-96
55946205,-3124966,11,-92
55947017,-3125796,1,-98
55947251,-3126051,1,-92
55947251,-3126051,1,-94
55948839,-3127206,6,-95
55948839,-3127206,6,-94
55949086,-3127392,1,-89
55949086,-3127392,1,-98
55949939,-3127999,7,-94
55949939,-3127999,1,-97
55949939,-3127999,7,-96
55950566,-3128590,6,-94
55950566,-3128590,6,-92
55950895,-3129138,1,-105
55950895,-3129138,11,-95
55950895,-3129138,1,-106
55951109,-3129672,1,-95
55951109,-3129672,1,-100
55951109,-3129672,11,-85
55951277,-3130227,7,-94
55951277,-3130227,6,-96
55951407,-3130736,11,-90
55951478,-3131061,11,-88
55951478,-3131061,6,-89
55951895,-3133116,12,-97
55951967,-3133677,1,-94
55951967,-3133677,1,-96
55952034,-3134226,1,-87
55952034,-3134226,7,-77
55952034,-3134226,11,-98
55952034,-3134226,7,-77
55952034,-3134226,11,-93
55952067,-3134558,6,-95
55952081,-3134652,1,-86
55952081,-3134652,1,-87
55952145,-3135034,7,-83
55952145,-3135034,7,-83
55952145,-3135034,6,-96
55952199,-3135617,1,-96
55952199,-3135617,1,-96
55952258,-3136170,6,-97
55952258,-3136170,6,-100
55952258,-3136170,13,-91
55952302,-3137180,6,-96
55952375,-3137602,11,-97
55952375,-3137602,11,-96
55952754,-3138043,1,-91
55952754,-3138043,7,-91
55952798,-3138098,6,-95
55953257,-3138703,7,-100
55953257,-3138703,7,-96
55953569,-3139136,11,-98
55953569,-3139136,11,-97
55954792,-3140494,1,-97
55954792,-3140494,6,-99
55954973,-3140655,6,-86
55955379,-3140878,11,-97
55955379,-3140878,1,-92
55955379,-3140878,12,-96
55955379,-3140878,11,-98
55955487,-3140989,116,-78
55955505,-3141093,11,-97
55955250,-3143143,11,-94
55955121,-3144290,1,-86
55955121,-3144290,1,-89
55955121,-3144290,1,-86
55955076,-3146324,6,-98
55955076,-3146324,6,-95
55955050,-3147480,6,-94
55955013,-3148144,11,-103
55955010,-3148507,11,-88
55954931,-3149689,11,-96
55954931,-3149689,11,-107
55954978,-3150437,1,-91
55954978,-3150437,7,-93
55955003,-3151003,11,-98
55955003,-3151003,7,-90
55955003,-3151003,11,-92
55955053,-3151926,8,-92
55955064,-3152184,11,-93
55955424,-3155383,7,-85
55955424,-3155383,7,-81
55955424,-3155383,11,-93
55955424,-3155383,11,-89
55955724,-3157379,1,-100
55956042,-3159695,3,-94
55956042,-3159695,11,-100
55956042,-3159695,11,-98
55956164,-3160283,6,-94
55956224,-3160716,11,-94
55956224,-3160716,11,-99
55956383,-3161761,7,-98
55956383,-3161761,6,-109
55956383,-3161761,7,-98
55956571,-3163066,7,-89
55956571,-3163066,11,-89
55956571,-3163066,11,-92
55956571,-3163066,6,-95
55956646,-3163599,1,-94
55956646,-3163599,1,-94
55956689,-3163946,7,-91
55956689,-3163946,11,-83
55957265,-3167701,11,-93
55957265,-3167701,10,-90
55957265,-3167701,11,-96
55957221,-3166966,6,-94
55957221,-3166966,4,-91
55957221,-3166966,6,-97
55957221,-3166966,4,-96
55957084,-3166055,1,-90
55957084,-3166055,11,-89
55957084,-3166055,1,-88
55956904,-3164701,11,-94
55956904,-3164701,11,-110
55956841,-3164231,11,-89
55956777,-3163771,11,-82
55956757,-3163676,11,-98
55956569,-3162568,11,-94
55956461,-3161827,7,-91
55956461,-3161827,7,-95
55955753,-3156967,1,-100
55955753,-3156967,1,-99
55955497,-3155149,6,-92
55955497,-3155149,6,-98
55955186,-3152854,11,-97
55955349,-3142386,11,-95
55955394,-3142098,11,-93
55955394,-3142098,11,-98
55955576,-3140802,1,-92
55954719,-3140242,1,-101
55953076,-3138251,7,-97
55951591,-3136869,1,-98
55951267,-3136687,1,-100
55951267,-3136687,1,-99
55950786,-3136507,11,-95
55948700,-3136984,11,-100
55948028,-3136796,11,-84
55948028,-3136796,11,-88
55947186,-3136696,11,-93
55947186,-3136696,11,-97
55946236,-3135993,10,-96
55945957,-3135692,1,-99
55945957,-3135692,1,-99
55944582,-3133843,11,-101
55944307,-3133198,1,-96
55944307,-3133198,11,-79
55943165,-3130872,11,-102
55943165,-3130872,6,-95
55943165,-3130872,6,-98
55942833,-3130345,1,-97
55942833,-3130345,1,-98
55942353,-3128987,6,-86
55942353,-3128987,6,-101
55941633,-3127892,1,-86
55941633,-3127892,1,-85
55941244,-3127449,1,-94
55941244,-3127449,1,-98
55939904,-3122001,11,-99
55940068,-3121409,11,-97
55940068,-3121409,11,-96
55940202,-3120866,6,-100
55940202,-3120866,1,-96
55940202,-3120866,6,-97
55940448,-3119984,11,-92
55940448,-3119984,11,-91
55940634,-3119338,1,-99
55940425,-3115026,1,-99
55940425,-3115026,1,-99
55940053,-3114958,11,-99
55939114,-3115013,11,-79
55935034,-3114422,7,-96
55935034,-3114422,1,-91
55935034,-3114422,7,-94
55935034,-3114422,1,-91
55934201,-3114200,7,-96
55934201,-3114200,7,-95
55933910,-3114132,7,-87
55933910,-3114132,7,-90
55934035,-3119727,11,-90
55934032,-3120221,1,-96
55934032,-3120221,1,-96
55933809,-3122871,1,-97
55932880,-3127091,8,-97
55932880,-3127091,8,-95
55932435,-3129039,1,-92
55932423,-3141597,1,-92
55932109,-3143776,6,-94
55932109,-3143776,6,-93
55932010,-3144465,1,-96
55931843,-3145852,7,-89
55931843,-3145852,7,-88
55932376,-3154297,7,-99
55932376,-3154297,7,-96
55931997,-3155132,7,-86
55931997,-3155132,7,-87
55931997,-3155132,11,-98
55931946,-3155386,11,-95
55932311,-3155938,6,-85
55932311,-3155938,6,-82
55932656,-3157051,6,-98
55932813,-3157600,6,-99
55932813,-3157600,6,-97
55933375,-3164877,11,-95
55933375,-3164877,11,-97
55933280,-3165142,6,-100
55933280,-3165142,6,-99
55933265,-3166180,11,-86
55933265,-3166180,11,-100
55933398,-3166393,11,-97
55933398,-3166393,11,-95
55933350,-3166429,11,-96
55933533,-3166585,1,-87
55933533,-3166585,1,-90
55934170,-3167449,10,-95
55934504,-3167909,10,-97
55934648,-3168119,6,-93
55934648,-3168119,6,-92
55934789,-3168303,6,-97
55934789,-3168303,6,-95
55934842,-3168362,7,-94
55935560,-3169110,7,-95
55935996,-3169602,4,-94
55936278,-3169962,11,-94
55936278,-3169962,11,-94
55936278,-3169962,12,-109
55936902,-3170756,11,-88
55936902,-3170756,11,-90
55937253,-3171195,7,-88
55937563,-3171673,11,-96
55937563,-3171673,13,-88
55937834,-3172167,6,-96
55937834,-3172167,6,-94
55937834,-3172167,1,-84
55938430,-3173481,6,-95
55938430,-3173481,11,-79
55938820,-3174325,6,-95
55939262,-3175078,11,-95
55939262,-3175078,11,-97
55939625,-3175832,1,-100
55939398,-3176910,7,-96
55939398,-3176910,7,-95
55939260,-3177581,6,-96
55939260,-3177581,6,-97
55939177,-3177968,10,-92
55939177,-3177968,10,-95
55939144,-3178222,6,-98
55939144,-3178222,6,-99
55939144,-3178222,6,-92
55939096,-3178832,11,-95
55939079,-3179003,2,-103
55939079,-3179003,11,-87
55939062,-3179120,3,-85
55939363,-3179775,132,-88
55939363,-3179775,6,-96
55939363,-3179775,9,-91
55939363,-3179775,9,-94
55939864,-3180237,11,-98
55939864,-3180237,11,-93
55939996,-3180363,11,-74
55939996,-3180363,6,-94
55939996,-3180363,6,-95
55940188,-3180550,6,-96
55940188,-3180550,11,-91
55940339,-3180695,6,-92
55940339,-3180695,8,-88
55940388,-3180724,11,-96
55940388,-3180724,11,-92
55940677,-3180887,11,-93
55940677,-3180887,11,-91
55941052,-3181128,7,-92
55941518,-3181525,7,-94
55941518,-3181525,7,-94
55941686,-3181760,7,-97
55941686,-3181760,7,-94
55941729,-3181806,5,-89
55941823,-3181893,11,-91
55942067,-3182055,1,-100
55942067,-3182055,11,-96
55942350,-3182310,2,-85
55942350,-3182310,11,-97
55942350,-3182310,7,-99
55942350,-3182310,11,-97
55942612,-3182575,7,-93
55942612,-3182575,11,-102
55942612,-3182575,11,-104
55942796,-3182777,7,-96
55942796,-3182777,6,-92
55942796,-3182777,11,-85
55942968,-3183022,6,-88
55942968,-3183022,11,-89
55943028,-3183063,6,-88
55943028,-3183063,11,-97
55943078,-3183100,6,-91
55943118,-3183138,6,-94
55943118,-3183138,6,-95
55943452,-3183329,10,-91
55943452,-3183329,10,-92
55943850,-3183453,5,-65
55943850,-3183453,6,-86
55943850,-3183453,6,-86
55944724,-3183830,1,-98
55944724,-3183830,6,-81
55944724,-3183830,10,-97
55941951,-3183940,1,-83
55941951,-3183940,11,-98
55941951,-3183940,1,-79
55941951,-3183940,11,-97
55941590,-3183680,11,-91
55941590,-3183680,11,-103
55941590,-3183680,5,-88
55941590,-3183680,11,-88
55941390,-3183447,6,-91
55941390,-3183447,11,-98
55941076,-3183040,11,-98
55941076,-3183040,11,-98
55940870,-3182855,1,-86
55940794,-3182816,11,-90
55940794,-3182816,11,-92
55940749,-3182783,7,-94
55940749,-3182783,7,-92
55940749,-3182783,1,-96
55939835,-3182531,6,-99
55939616,-3182404,1,-92
55939616,-3182404,6,-91
55939041,-3181955,1,-93
55939041,-3181955,11,-95
55939041,-3181955,1,-96
55938822,-3181787,2,-86
55938822,-3181787,11,-88
55938495,-3181590,7,-89
55938495,-3181590,7,-93
55937552,-3180911,4,-91
55937500,-3180862,8,-95
55937241,-3180672,1,-98
55937241,-3180672,5,-83
55937095,-3180741,1,-87
55937095,-3180741,6,-96
55937095,-3180741,6,-98
55937049,-3180718,6,-94
55935964,-3180141,11,-99
55934782,-3179199,11,-79
55934782,-3179199,11,-84
55934681,-3179074,6,-93
55934681,-3179074,108,-86
55934558,-3179009,6,-97
55934271,-3178764,5,-83
55933938,-3178508,11,-97
55933938,-3178508,4,-91
55933938,-3178508,11,-98
55933435,-3178062,7,-97
55933435,-3178062,1,-96
55933435,-3178062,7,-97
55933435,-3178062,11,-100
55933435,-3178062,1,-107
55933435,-3178062,13,-90
55933357,-3177972,1,-96
55933357,-3177972,1,-94
55933357,-3177972,1,-95
55933082,-3177796,11,-82
55933082,-3177796,11,-84
55932881,-3177668,11,-98
55932695,-3177582,7,-86
55932695,-3177582,11,-95
55931821,-3177080,10,-93
55931821,-3177080,10,-94
55931821,-3177080,11,-85
55931465,-3176839,1,-90
55931465,-3176839,1,-110
55930416,-3176244,5,-95
55930123,-3176026,11,-90
55929263,-3175314,6,-96
55929109,-3175206,6,-89
55929051,-3175180,1,-94
55929051,-3175180,1,-98
55927453,-3174293,6,-93
55927453,-3174293,6,-98
55925586,-3173221,11,-98
55925586,-3173221,11,-100
55924625,-3172623,1,-92
55924625,-3172623,1,-91
55924312,-3172188,1,-92
55924690,-3170978,6,-83
55924690,-3170978,6,-83
55925580,-3168156,1,-88
55925580,-3168156,1,-90
55925759,-3167629,11,-88
55925759,-3167629,11,-89
55925872,-3167276,11,-94
55925872,-3167276,11,-97
55926114,-3167034,6,-96
55926621,-3166624,11,-94
55926813,-3166372,1,-87
55926813,-3166372,1,-89
55928190,-3163778,11,-95
55928190,-3163778,11,-94
55928283,-3163641,6,-83
55928283,-3163641,6,-85
55928867,-3162492,6,-95
55928867,-3162492,6,-98
55931173,-3156855,1,-92
55931173,-3156855,11,-95
55931173,-3156855,11,-94
55931736,-3155731,11,-91
55931736,-3155731,11,-90
55932433,-3142103,11,-99
55936896,-3143811,6,-86
55936896,-3143811,6,-87
55943772,-3140815,1,-85
55943772,-3140815,1,-87
55945722,-3134598,1,-95
55946714,-3131531,11,-97
55946714,-3131531,11,-98
55946868,-3131032,11,-95
55946868,-3131032,11,-98
55947009,-3130190,1,-91
55947885,-3124854,11,-89
55948201,-3122952,11,-88
55948201,-3122952,11,-92
55948490,-3121319,11,-94
55952316,-3115100,7,-91
55952436,-3114908,6,-91
55952436,-3114908,6,-95
55954189,-3116551,10,-96
55954189,-3116551,10,-96
55954549,-3117205,10,-86
55954549,-3117205,10,-85
55954766,-3117666,1,-83
55954766,-3117666,1,-85
55954945,-3118025,132,-75
55955037,-3118147,11,-93
55955037,-3118147,11,-99
55955771,-3119387,9,-93
55956918,-3121704,7,-90
55956918,-3121704,7,-97
55957317,-3125320,11,-95
55957277,-3125780,11,-88
55957277,-3125780,11,-89
55957258,-3125957,1,-89
55957258,-3125957,1,-88
55957140,-3127109,6,-94
55957140,-3127109,6,-94
55956837,-3129614,1,-90
55956733,-3130412,11,-95
55956733,-3130412,11,-97
55956563,-3131449,11,-95
55956563,-3131449,11,-84
55956549,-3131538,1,-86
55956549,-3131538,1,-88
55956549,-3131538,1,-87
55956412,-3133023,3,-85
55956382,-3133480,1,-94
55956382,-3133480,1,-95
55956366,-3133700,7,-90
55956366,-3133700,7,-92
55956274,-3134708,1,-95
55956274,-3134708,2,-96
55956274,-3134708,1,-103
55956229,-3135878,11,-94
55956185,-3136595,11,-93
55956185,-3136595,11,-94
55956112,-3137328,10,-82
55956112,-3137328,10,-82
55955874,-3138563,12,-98
55955607,-3140398,1,-89
55955607,-3140398,6,-90
55955607,-3140398,1,-89
55954915,-3149310,11,-86
55954906,-3149768,44,-92
55954983,-3150769,10,-93
55955946,-3159389,1,-89
55955946,-3159389,1,-91
55956292,-3161154,6,-113
55956390,-3161758,7,-91
55956390,-3161758,7,-91
55956465,-3162279,11,-98
55956581,-3162910,6,-100
55956714,-3163803,11,-99
55957265,-3168431,11,-102
55957265,-3168431,1,-109
55957303,-3168963,11,-89
55957303,-3168963,11,-99
55957290,-3169215,1,-93
55957290,-3169215,1,-98
55957290,-3169215,1,-99
55957290,-3169311,1,-97
55957290,-3169311,1,-100
55957435,-3170682,11,-98
55957522,-3171443,11,-96
55957557,-3172022,11,-86
55957580,-3173240,10,-99
55957580,-3173240,10,-99
55957681,-3175633,7,-79
55957687,-3176445,7,-97
55957758,-3179125,11,-90
55957772,-3179815,11,-99
55957772,-3179815,11,-91
55957766,-3180296,11,-95
55957766,-3180296,11,-94
55957766,-3180296,1,-96
55957758,-3180419,1,-96
55957758,-3180419,11,-90
55957758,-3180419,7,-97
55957758,-3180419,1,-100
55957813,-3181602,7,-96
55957798,-3182962,6,-92
55957798,-3182962,10,-99
55957798,-3182962,6,-93
55957798,-3182962,10,-94
55957846,-3183753,11,-91
55957846,-3183753,1,-98
55957829,-3184239,1,-102
55957829,-3184239,1,-82
55957829,-3184239,11,-89
55957731,-3184688,11,-101
55957268,-3185311,1,-109
55957045,-3185654,6,-96
55956839,-3185984,1,-93
55956839,-3185984,11,-99
55956839,-3185984,11,-97
55956609,-3186280,11,-97
55956609,-3186280,2,-98
55956519,-3186359,11,-90
55956519,-3186359,11,-94
55956462,-3186378,11,-94
55955842,-3186554,6,-90
55955732,-3186553,11,-93
55955732,-3186553,11,-97
55955535,-3186621,6,-92
55955430,-3186682,1,-102
55955343,-3186736,1,-91
55955243,-3186807,1,-94
55955243,-3186807,11,-81
55954988,-3186898,11,-95
55954988,-3186898,6,-84
55954988,-3186898,11,-100
55954811,-3186966,1,-92
55954811,-3186966,6,-93
55954640,-3187095,5,-99
55954252,-3187502,6,-98
55954252,-3187502,11,-92
55954252,-3187502,6,-97
55954039,-3187753,11,-103
55954039,-3187753,2,-93
55954039,-3187753,11,-99
55953952,-3187898,1,-92
55953952,-3187898,1,-86
55953947,-3187906,44,-93
55953947,-3187906,6,-95
55953947,-3187906,44,-94
55953947,-3187906,6,-94
55953916,-3187969,1,-97
55953819,-3188165,8,-99
55953670,-3188369,1,-80
55953670,-3188369,1,-78
55953326,-3188476,6,-94
55953230,-3188745,1,-89
55953230,-3188745,6,-98
55953205,-3188873,6,-86
55952514,-3188666,4,-97
55951925,-3188307,11,-95
55951776,-3188234,6,-93
55951776,-3188234,5,-97
55951776,-3188234,11,-97
55951723,-3188207,11,-94
55951723,-3188207,1,-95
55951584,-3188147,1,-99
55951584,-3188147,11,-100
55951281,-3187984,1,-95
55950998,-3187845,1,-109
55950998,-3187845,1,-102
55950888,-3187799,6,-94
55950888,-3187799,6,-97
55950888,-3187799,6,-99
55950832,-3187776,7,-88
55950581,-3187641,1,-97
55950397,-3187548,6,-96
55949999,-3187380,1,-99
55949774,-3187264,4,-94
55949774,-3187264,4,-97
55949526,-3187158,1,-99
55949526,-3187158,1,-99
55949287,-3187030,11,-94
55948932,-3186838,64,-85
55948699,-3186756,1,-89
55948699,-3186756,11,-91
55948699,-3186756,1,-88
55948655,-3186719,44,-86
55948608,-3186696,6,-83
55948608,-3186696,40,-94
55948461,-3186632,48,-90
55948239,-3186516,5,-96
55947695,-3186289,1,-98
55947695,-3186289,1,-91
55946579,-3185550,1,-104
55946579,-3185550,1,-106
55946579,-3185550,1,-98
55946354,-3185311,1,-96
55946354,-3185311,1,-97
55945966,-3184937,11,-93
55945966,-3184937,11,-92
55945811,-3184803,11,-93
55945811,-3184803,6,-83
55945766,-3184731,1,-98
55945766,-3184731,6,-88
55945722,-3184671,1,-95
55945722,-3184671,13,-96
55945722,-3184671,1,-97
55945581,-3184506,2,-94
55945381,-3184281,1,-86
55945381,-3184281,9,-87
55945381,-3184281,1,-78
55945300,-3184174,1,-90
55945185,-3184051,11,-94
55945185,-3184051,9,-93
55944929,-3183809,6,-94
55944929,-3183809,13,-90
55944717,-3183693,11,-87
55944717,-3183693,11,-86
55944358,-3183600,7,-90
55944358,-3183600,7,-88
55944155,-3183541,1,-80
55944155,-3183541,11,-94
55944155,-3183541,1,-85
55943595,-3183376,11,-86
55943595,-3183376,6,-91
55943595,-3183376,6,-89
55943595,-3183376,11,-90
55943118,-3183044,6,-98
55943057,-3182994,1,-95
55942693,-3182694,11,-94
55942398,-3182388,7,-91
55941597,-3181502,11,-96
55940732,-3180792,11,-98
55940732,-3180792,11,-98
55940472,-3180604,13,-94
55940196,-3180368,6,-100
55940196,-3180368,13,-95
55939583,-3179822,1,-89
55938652,-3179022,7,-96
55938652,-3179022,7,-97
55938276,-3178726,4,-96
55938093,-3178569,6,-94
55938093,-3178569,11,-91
55938093,-3178569,6,-97
55938093,-3178569,11,-97
55938093,-3178569,11,-96
55937889,-3178385,1,-92
55937889,-3178385,11,-95
55937889,-3178385,11,-90
55937639,-3178146,6,-87
55937514,-3177993,6,-89
55937514,-3177993,6,-90
55937318,-3177995,11,-98
55937184,-3178720,6,-94
55937184,-3178720,6,-88
55937170,-3178851,11,-98
55937170,-3178851,1,-94
55937101,-3179278,6,-93
55937031,-3179789,11,-99
55937031,-3179789,11,-100
55936888,-3180835,1,-96
55936888,-3180835,6,-99
55936653,-3182169,7,-94
55936653,-3182169,1,-94
55936561,-3182674,6,-95
55936561,-3182674,6,-95
55936467,-3183336,1,-96
55936467,-3183336,1,-110
55936467,-3183336,1,-91
55936467,-3183336,1,-94
55936199,-3185262,6,-99
55936199,-3185262,6,-99
55936111,-3185822,11,-102
55935878,-3187375,7,-89
55935878,-3187375,7,-91
55935714,-3188434,11,-99
55935632,-3188958,11,-95
55935449,-3190022,6,-95
55935449,-3190022,6,-96
55935209,-3191535,6,-88
55935209,-3191535,6,-87
55935120,-3192028,7,-95
55935120,-3192028,7,-95
55935038,-3192470,1,-95
55935038,-3192470,1,-94
55934839,-3193689,11,-88
55934709,-3194456,1,-95
55934709,-3194456,1,-94
55934541,-3195284,11,-95
55934541,-3195284,11,-101
55934507,-3195483,11,-105
55934507,-3195483,6,-96
55934492,-3195563,10,-98
55934492,-3195563,6,-92
55934437,-3195887,10,-87
55934437,-3195887,6,-91
55934262,-3196854,7,-96
55934262,-3196854,1,-86
55934262,-3196854,7,-96
55934262,-3196854,1,-92
55934179,-3197368,11,-80
55934179,-3197368,10,-73
55934179,-3197368,11,-78
55934179,-3197368,10,-74
55934106,-3197868,1,-95
55934036,-3198359,7,-97
55934036,-3198359,11,-89
55933958,-3198840,1,-86
55933757,-3200101,6,-99
55933678,-3200553,6,-99
55933552,-3201498,11,-97
55933511,-3202001,11,-92
55933511,-3202001,7,-95
55933464,-3202499,7,-91
55933418,-3202942,1,-91
55933371,-3203409,1,-98
55933371,-3203409,1,-100
55933371,-3203409,7,-90
55933255,-3204287,7,-99
55933255,-3204287,1,-97
55933236,-3204376,1,-94
55933184,-3204934,6,-96
55933184,-3204934,11,-94
55933184,-3204934,6,-99
55932330,-3206141,7,-99
55932330,-3206141,7,-94
55932308,-3206615,1,-99
55932308,-3206615,1,-109
55932283,-3207109,6,-93
55932251,-3207605,6,-92
55932251,-3207605,7,-88
55932145,-3209376,7,-95
55932145,-3209376,11,-88
55932145,-3209376,11,-93
55932122,-3209692,7,-71
55932102,-3209954,1,-88
55932102,-3209954,1,-92
55931420,-3209843,6,-86
55931420,-3209843,6,-96
55931420,-3209843,6,-96
55930966,-3209818,11,-93
55930420,-3209739,1,-99
55929633,-3209606,11,-87
55929340,-3209554,4,-98
55929340,-3209554,4,-97
55929110,-3209507,44,-95
55928803,-3209400,11,-92
55928752,-3209423,1,-96
55928752,-3209423,1,-95
55928670,-3209405,44,-92
55927248,-3209189,11,-91
55927016,-3209151,4,-93
55926371,-3209104,1,-96
55926083,-3209151,11,-90
55926083,-3209151,11,-95
55925635,-3209278,11,-92
55925635,-3209278,1,-88
55925497,-3209301,6,-98
55925625,-3211829,11,-89
55925625,-3211829,11,-93
55925743,-3212269,11,-96
55925743,-3212269,11,-96
55925547,-3213575,1,-95
55925547,-3213575,1,-94
55925201,-3215206,1,-94
55924979,-3216122,6,-94
55924979,-3216122,11,-99
55924765,-3217105,11,-96
55924752,-3217382,11,-88
55924732,-3218031,11,-88
55924732,-3218031,11,-87
55924696,-3219000,6,-97
55924696,-3219000,7,-97
55924696,-3219000,6,-99
55924696,-3219000,7,-95
55924668,-3219796,7,-80
55924668,-3219796,6,-90
55924668,-3219796,7,-83
55924668,-3219796,6,-92
55924621,-3220541,6,-80
55924621,-3220541,11,-98
55924590,-3221109,11,-89
55924590,-3221109,11,-91
55924571,-3221584,1,-99
55924569,-3221997,1,-99
55924569,-3221997,11,-91
55924554,-3222600,7,-85
55924554,-3222600,7,-86
55923155,-3223999,9,-92
55923155,-3223999,1,-93
55923155,-3223999,1,-92
55923155,-3223999,9,-91
55923155,-3223999,1,-92
55922394,-3223399,11,-93
55922394,-3223399,11,-99
55922106,-3222962,6,-92
55922106,-3222962,6,-93
55922140,-3222550,7,-93
55922140,-3222550,7,-95
55922140,-3222550,11,-91
55922181,-3222003,7,-96
55921974,-3221858,7,-92
55921748,-3221802,11,-101
55921748,-3221802,11,-97
55921427,-3221744,6,-89
55921427,-3221744,6,-90
55920433,-3221485,13,-89
55920433,-3221485,1,-91
55918757,-3222442,11,-95
55917528,-3222427,1,-96
55916712,-3224490,11,-96
55916712,-3224490,11,-96
55916716,-3225104,11,-97
55916707,-3225553,11,-89
55916696,-3226901,1,-96
55916696,-3226901,1,-94
55916672,-3228273,1,-97
55916672,-3228273,1,-94
55916652,-3230473,1,-95
55916652,-3230473,1,-97
55916635,-3230788,6,-94
55916635,-3230788,6,-95
55916812,-3230614,6,-97
55916754,-3226421,7,-95
55916747,-3224929,1,-99
55916747,-3224929,1,-93
55916752,-3222871,1,-96
55917897,-3222460,10,-88
55917897,-3222460,10,-87
55918316,-3222464,7,-96
55918316,-3222464,7,-97
55918689,-3222489,6,-96
55918689,-3222489,6,-97
55919191,-3222131,1,-95
55919191,-3222131,1,-95
55919311,-3221900,10,-97
55921436,-3221785,11,-87
55921997,-3221908,1,-91
55921997,-3221908,1,-90
55923084,-3225312,11,-95
55923084,-3225312,11,-99
55924567,-3222411,9,-95
55924582,-3221434,11,-88
55924617,-3220441,7,-94
55924655,-3219826,7,-95
55924678,-3219358,11,-94
55924678,-3219358,11,-92
55924684,-3219122,11,-90
55924745,-3217942,1,-79
55924745,-3217942,1,-79
55924745,-3217942,11,-99
55924781,-3217331,11,-98
